PID,EventSequence,Label
19939,[15],Normal
19937,"[43, 15]",Normal
20882,[47],Normal
20884,[47],Normal
20883,[47],Normal
20885,[47],Normal
20886,[47],Normal
20892,[47],Normal
20893,[47],Normal
20896,[47],Normal
20897,[47],Normal
20898,[47],Normal
21416,"[58, 17]",Normal
22644,"[58, 31]",Normal
23397,"[43, 15]",Normal
23395,"[43, 15]",Normal
23404,"[43, 15]",Normal
23399,"[43, 15]",Normal
23406,"[43, 15]",Normal
23396,"[43, 15]",Normal
23394,"[43, 15]",Normal
23407,"[43, 15]",Normal
23403,"[43, 15]",Normal
23412,"[43, 15]",Normal
23414,"[43, 15]",Normal
23416,"[43, 15]",Normal
23661,"[43, 4]",Normal
23663,"[43, 4]",Normal
23664,"[43, 4]",Normal
23665,"[43, 4]",Normal
23669,"[43, 4]",Normal
23671,"[43, 4]",Normal
23673,"[43, 4]",Normal
23674,"[43, 4]",Normal
23678,"[43, 4]",Normal
23677,"[43, 4]",Normal
24138,"[43, 32]",Normal
24137,"[43, 32]",Normal
24141,"[43, 32]",Normal
24140,"[43, 32]",Normal
24139,"[43, 32]",Normal
25178,"[58, 17]",Normal
25548,"[58, 31]",Normal
27953,"[58, 17]",Normal
29190,"[58, 31]",Normal
30565,[10],Normal
30631,"[58, 52]",Normal
31201,"[43, 50]",Normal
31199,"[43, 50]",Normal
31198,"[43, 50]",Normal
31202,"[43, 50]",Normal
31205,"[43, 50]",Normal
31200,"[43, 50]",Normal
31206,"[43, 50]",Normal
31204,"[43, 50]",Normal
31203,"[43, 50]",Normal
31207,"[43, 50]",Normal
31791,"[58, 17]",Normal
32164,"[58, 31]",Normal
2192,"[58, 17]",Normal
3676,"[58, 31]",Normal
9187,"[58, 17]",Normal
9558,"[58, 31]",Normal
10035,"[43, 21]",Normal
10037,"[43, 21]",Normal
10039,"[43, 21]",Normal
10041,"[43, 21]",Normal
10043,"[43, 21]",Normal
10045,"[43, 21]",Normal
10047,"[43, 21]",Normal
10049,"[43, 21]",Normal
10051,"[43, 21]",Normal
10053,"[43, 21]",Normal
12098,"[58, 17]",Normal
13327,"[58, 31]",Normal
14281,[9],Normal
14279,[9],Normal
14282,[9],Normal
14277,[9],Normal
14278,[9],Normal
14280,[9],Normal
16207,[29],Normal
16206,[29],Normal
16210,[29],Normal
16212,[29],Normal
16213,[29],Normal
16216,[29],Normal
16218,[29],Normal
16219,[29],Normal
16222,[29],Normal
16224,[29],Normal
16226,[29],Normal
16227,[29],Normal
16230,[29],Normal
16232,[29],Normal
16234,[29],Normal
16235,[29],Normal
16238,[29],Normal
16240,[29],Normal
16242,[29],Normal
16244,[29],Normal
16245,[29],Normal
16248,[29],Normal
16250,[29],Normal
16663,"[58, 17]",Normal
17037,"[58, 31]",Normal
17129,"[43, 16]",Normal
17125,"[43, 16]",Normal
17124,"[43, 16]",Normal
17123,"[43, 16]",Normal
17132,"[43, 16]",Normal
17131,"[43, 16]",Normal
17135,"[43, 16]",Normal
17137,"[43, 16]",Normal
17139,"[43, 16]",Normal
17140,"[43, 16]",Normal
18969,[14],Normal
18971,[14],Normal
18973,[14],Normal
18975,[14],Normal
18977,[14],Normal
18983,[14],Normal
18982,[14],Normal
18981,[14],Normal
18976,[14],Normal
18967,[14],Normal
19085,"[43, 34, 18]",Normal
19534,"[58, 17]",Normal
24180,"[58, 31]",Normal
26189,[22],Normal
26188,[22],Normal
26193,[22],Normal
26182,[22],Normal
26183,[22],Normal
26184,[22],Normal
26197,[22],Normal
26198,[22],Normal
26190,[22],Normal
26938,"[58, 17]",Normal
27311,"[58, 31]",Normal
29690,"[58, 17]",Normal
30934,"[58, 31]",Normal
31031,"[43, 7]",Normal
31035,"[43, 7]",Normal
31034,"[43, 7]",Normal
31036,"[43, 7]",Normal
31025,"[43, 7]",Normal
31028,"[43, 7]",Normal
31020,"[43, 7]",Normal
31027,"[43, 7]",Normal
31021,"[43, 7]",Normal
31024,"[43, 7]",Normal
945,"[58, 17]",Normal
1546,"[58, 31]",Normal
7031,"[58, 17]",Normal
8269,"[58, 31]",Normal
8660,[5],Normal
8664,[5],Normal
8663,[5],Normal
8662,[5],Normal
8661,[5],Normal
10735,"[58, 17]",Normal
11106,"[58, 31]",Normal
11513,[54],Normal
11517,[54],Normal
11521,[54],Normal
11510,[54],Normal
11519,[54],Normal
11514,[54],Normal
11512,[54],Normal
11509,[54],Normal
11515,[54],Normal
12665,[23],Normal
12666,[23],Normal
12669,[23],Normal
12671,[23],Normal
12673,[23],Normal
12675,[23],Normal
12677,[23],Normal
12679,[23],Normal
12681,[23],Normal
12680,[23],Normal
12756,"[43, 3]",Normal
12753,"[43, 3]",Normal
12752,"[43, 3]",Normal
12755,"[43, 3]",Normal
12754,"[43, 3]",Normal
13665,"[58, 17]",Normal
14891,"[58, 31]",Normal
15481,[38],Normal
15477,[38],Normal
15479,[38],Normal
15478,[38],Normal
15480,[38],Normal
15476,[38],Normal
15488,[38],Normal
15490,[38],Normal
15491,[38],Normal
15492,[38],Normal
15692,[53],Normal
15694,[53],Normal
15696,[53],Normal
15698,[53],Normal
15700,[53],Normal
15702,[53],Normal
15704,[53],Normal
15706,[53],Normal
15708,[53],Normal
15710,[53],Normal
15712,[53],Normal
15714,[53],Normal
15716,[53],Normal
17407,"[58, 17]",Normal
17778,"[58, 31]",Normal
18559,"[43, 36]",Normal
18557,"[43, 36]",Normal
18550,"[43, 36]",Normal
18547,"[43, 36]",Normal
18549,"[43, 36]",Normal
18545,"[43, 36]",Normal
18548,"[43, 36]",Normal
18546,"[43, 36]",Normal
19088,[18],Normal
19094,[18],Normal
19087,[18],Normal
19093,[18],Normal
19091,[18],Normal
19099,[18],Normal
19101,[18],Normal
19103,[18],Normal
19097,[18],Normal
19202,[20],Normal
19203,[20],Normal
19209,[20],Normal
19208,[20],Normal
19222,[20],Normal
19432,"[58, 52]",Normal
19431,"[58, 52]",Normal
19433,"[58, 52]",Normal
19434,"[58, 52]",Normal
19435,"[58, 52]",Normal
19436,"[58, 52]",Normal
19438,"[58, 52]",Normal
19437,"[58, 52]",Normal
19439,"[58, 52]",Normal
19440,"[58, 52]",Normal
19630,[18],Normal
19628,[18],Normal
19640,[18],Normal
19642,[18],Normal
19632,[18],Normal
19643,[18],Normal
19631,[18],Normal
19636,[18],Normal
19645,[18],Normal
19637,[18],Normal
20298,"[58, 17]",Normal
21530,"[58, 31]",Normal
21689,"[58, 52]",Normal
21691,"[58, 52]",Normal
21692,"[58, 52]",Normal
21693,"[58, 52]",Normal
22099,"[58, 52]",Normal
22104,"[58, 52]",Normal
22106,"[58, 52]",Normal
22112,"[58, 52]",Normal
22272,[20],Normal
22269,[20],Normal
22277,[20],Normal
22271,[20],Normal
22273,[20],Normal
22270,[20],Normal
22268,[20],Normal
22274,[20],Normal
22276,[20],Normal
22275,[20],Normal
23533,"[58, 52]",Normal
23534,"[58, 52]",Normal
23535,"[58, 52]",Normal
23536,"[58, 52]",Normal
23544,"[58, 52]",Normal
23545,"[58, 52]",Normal
23546,"[58, 52]",Normal
23547,"[58, 52]",Normal
24117,"[58, 17]",Normal
24511,"[58, 31]",Normal
24588,"[43, 11]",Normal
24587,"[43, 11]",Normal
24590,"[43, 11]",Normal
24573,"[43, 11]",Normal
24574,"[43, 11]",Normal
24576,"[43, 11]",Normal
24578,"[43, 11]",Normal
24579,"[43, 11]",Normal
24581,"[43, 11]",Normal
24583,"[43, 11]",Normal
26964,"[58, 17]",Normal
28416,"[58, 31]",Normal
1583,"[58, 17]",Normal
1965,"[58, 31]",Normal
2543,[8],Normal
2544,[8],Normal
2547,[8],Normal
3378,[58],Normal
3380,[58],Normal
3382,[58],Normal
3384,[58],Normal
3386,[58],Normal
3388,[58],Normal
3390,[58],Normal
3391,[58],Normal
3394,[58],Normal
3396,[58],Normal
3399,[58],Normal
3398,[58],Normal
3402,[58],Normal
4474,"[58, 17]",Normal
5699,"[58, 31]",Normal
6552,"[43, 40]",Normal
6554,"[43, 40]",Normal
6556,"[43, 40]",Normal
6558,"[43, 40]",Normal
6560,"[43, 40]",Normal
7694,[51],Normal
7702,[51],Normal
7697,[51],Normal
7696,[51],Normal
7704,[51],Normal
8195,"[58, 17]",Normal
8565,"[58, 31]",Normal
10961,"[58, 17]",Normal
12193,"[58, 31]",Normal
12518,"[58, 52]",Normal
12519,"[58, 52]",Normal
12520,"[58, 52]",Normal
12524,"[58, 52]",Normal
12525,"[58, 52]",Normal
12527,"[58, 52]",Normal
2421,"[58, 13]",Normal
13317,"[43, 6]",Normal
13321,"[43, 6]",Normal
13318,"[43, 6]",Normal
13323,"[43, 6]",Normal
14943,"[58, 17]",Normal
19593,"[58, 31]",Normal
20963,[46],Normal
20969,[46],Normal
20968,[46],Normal
20964,[46],Normal
21991,"[58, 17]",Normal
22368,"[58, 31]",Normal
23780,[49],Normal
23781,[49],Normal
23784,[49],Normal
23786,[49],Normal
23788,[49],Normal
23790,[49],Normal
23792,[49],Normal
23794,[49],Normal
23796,[49],Normal
23798,[49],Normal
24898,"[58, 17]",Normal
26353,"[58, 31]",Normal
30530,[27],Normal
30532,[27],Normal
30534,[27],Normal
30535,[27],Normal
30536,[27],Normal
30540,[27],Normal
30542,[27],Normal
30544,[27],Normal
30546,[27],Normal
30548,[27],Normal
30550,[27],Normal
30552,[27],Normal
30554,[27],Normal
30555,[27],Normal
30558,[27],Normal
30560,[27],Normal
30562,[27],Normal
30564,[27],Normal
30566,[27],Normal
30568,[27],Normal
30570,[27],Normal
30572,[27],Normal
30574,[27],Normal
30575,[27],Normal
30580,[27],Normal
30578,[27],Normal
30582,[27],Normal
30584,[27],Normal
30585,[27],Normal
30588,[27],Normal
30590,[27],Normal
30592,[27],Normal
30595,[27],Normal
30594,[27],Normal
30598,[27],Normal
30599,[27],Normal
30602,[27],Normal
30604,[27],Normal
30605,[27],Normal
30607,[27],Normal
30610,[27],Normal
30612,[27],Normal
30614,[27],Normal
30615,[27],Normal
30618,[27],Normal
30620,[27],Normal
30622,[27],Normal
30624,[27],Normal
30625,[27],Normal
30628,[27],Normal
30630,[27],Normal
30632,[27],Normal
30634,[27],Normal
30635,[27],Normal
30638,[27],Normal
30640,[27],Normal
30642,[27],Normal
30644,[27],Normal
30645,[27],Normal
30647,[27],Normal
30650,[27],Normal
30652,[27],Normal
30654,[27],Normal
30655,[27],Normal
30658,[27],Normal
30660,[27],Normal
30662,[27],Normal
30665,[27],Normal
30664,[27],Normal
30666,[27],Normal
30670,[27],Normal
30672,[27],Normal
30675,[27],Normal
30674,[27],Normal
30678,[27],Normal
30680,[27],Normal
30682,[27],Normal
30684,[27],Normal
30685,[27],Normal
30686,[27],Normal
30725,[57],Normal
30729,[57],Normal
30731,[57],Normal
30732,[57],Normal
30734,[57],Normal
30739,[57],Normal
30737,[57],Normal
30740,[57],Normal
30743,[57],Normal
30726,[57],Normal
31851,[41],Normal
31848,[41],Normal
31850,[41],Normal
31861,[41],Normal
31854,[41],Normal
31853,[41],Normal
31862,[41],Normal
31855,[41],Normal
31852,[41],Normal
31860,[41],Normal
32237,"[58, 17]",Normal
32608,"[58, 31]",Normal
2803,"[43, 45]",Normal
1325,[55],Normal
1329,[55],Normal
1327,[55],Normal
1331,[55],Normal
1333,[55],Normal
1335,[55],Normal
1337,[55],Normal
1338,[55],Normal
1341,[55],Normal
1343,[55],Normal
2605,"[58, 17]",Normal
3833,"[58, 31]",Normal
4048,[26],Normal
4053,[26],Normal
4052,[26],Normal
4054,[26],Normal
4050,[26],Normal
4061,[26],Normal
4064,[26],Normal
4058,[26],Normal
4059,[26],Normal
4065,[26],Normal
6486,"[58, 17]",Normal
6863,"[58, 31]",Normal
8113,"[58, 52]",Normal
8114,"[58, 52]",Normal
8117,"[58, 52]",Normal
9355,"[58, 17]",Normal
10583,"[58, 31]",Normal
11706,[39],Normal
11708,[39],Normal
11710,[39],Normal
11719,[39],Normal
11721,[39],Normal
11723,[39],Normal
11725,[39],Normal
11741,[39],Normal
12632,[19],Normal
12628,[19],Normal
12631,[19],Normal
12627,[19],Normal
12629,[19],Normal
12630,[19],Normal
12643,[19],Normal
12645,[19],Normal
12639,[19],Normal
12640,[19],Normal
13238,"[58, 17]",Normal
13611,"[58, 31]",Normal
16058,"[58, 17]",Normal
17286,"[58, 31]",Normal
19686,"[58, 17]",Normal
20282,"[58, 31]",Normal
24031,[42],Normal
24033,[42],Normal
24030,[42],Normal
26046,"[58, 17]",Normal
27272,"[58, 31]",Normal
28975,"[43, 44]",Normal
28977,"[43, 44]",Normal
28980,"[43, 44]",Normal
28978,"[43, 44]",Normal
28983,"[43, 44]",Normal
28986,"[43, 44]",Normal
28985,"[43, 44]",Normal
28987,"[43, 44]",Normal
28988,"[43, 44]",Normal
28991,"[43, 44]",Normal
29758,"[58, 17]",Normal
30128,"[58, 31]",Normal
30500,[25],Normal
30510,[25],Normal
30499,[25],Normal
30503,[25],Normal
30505,[25],Normal
30501,[25],Normal
30504,[25],Normal
30498,[25],Normal
30511,[25],Normal
30508,[25],Normal
363,"[58, 17]",Normal
1595,"[58, 31]",Normal
3307,"[43, 30]",Normal
3306,"[43, 30]",Normal
3308,"[43, 30]",Normal
3313,"[43, 30]",Normal
3312,"[43, 30]",Normal
3489,[8],Normal
3493,[8],Normal
3488,[8],Normal
3487,[8],Normal
4170,"[58, 17]",Normal
4540,"[58, 31]",Normal
5587,[35],Normal
5586,[35],Normal
7106,"[58, 17]",Normal
11756,"[58, 31]",Normal
14314,"[58, 17]",Normal
14692,"[58, 31]",Normal
15385,[28],Normal
16159,[56],Normal
16158,[56],Normal
16156,[56],Normal
16157,[56],Normal
16162,[56],Normal
16155,[56],Normal
16160,[56],Normal
16154,[56],Normal
16161,[56],Normal
16153,[56],Normal
17283,"[58, 17]",Normal
21805,"[58, 31]",Normal
22185,[2],Normal
22184,[2],Normal
22188,[2],Normal
22189,[2],Normal
22191,[2],Normal
24312,"[58, 17]",Normal
24683,"[58, 31]",Normal
27285,"[58, 17]",Normal
28514,"[58, 31]",Normal
28842,[48],Normal
28844,[48],Normal
28846,[48],Normal
28848,[48],Normal
28850,[48],Normal
28852,[48],Normal
28854,[48],Normal
28856,[48],Normal
28858,[48],Normal
28860,[48],Normal
28862,[48],Normal
28864,[48],Normal
28866,[48],Normal
28868,[48],Normal
28870,[48],Normal
28872,[48],Normal
28874,[48],Normal
28876,[48],Normal
28878,[48],Normal
28880,[48],Normal
28882,[48],Normal
28884,[48],Normal
28886,[48],Normal
30999,"[58, 17]",Normal
31373,"[58, 31]",Normal
